Run,Date,Nevents,Particle,Energy,Configuration,CaloConfiguration,NeventsInFile,RechitEnergySumMean,RechitEnergySumMedian
384,2018-10-13 10:20:00,11958,electron,250,22b,1,11958.0,22096.962890625,22463.49609375
385,2018-10-13 10:31:00,10161,electron,250,22b,1,10161.0,22062.779296875,22421.515625
386,2018-10-13 10:45:00,12097,electron,250,22b,1,12097.0,22084.3828125,22450.74609375
389,2018-10-13 11:10:00,10305,electron,250,22b,1,10305.0,22050.515625,22419.318359375
390,2018-10-13 11:19:00,10880,electron,250,22b,1,10888.0,22082.3359375,22448.205078125
391,2018-10-13 11:31:00,3326,electron,250,22b,1,3325.0,22099.556640625,22439.12890625
392,2018-10-13 11:35:00,10204,electron,250,22b,1,10204.0,22049.265625,22442.859375
393,2018-10-13 11:48:00,5196,electron,250,22b,1,5196.0,22051.908203125,22424.13671875
397,2018-10-13 12:18:00,13521,electron,250,22b,1,13521.0,22182.12109375,22571.326171875
398,2018-10-13 12:37:00,12614,electron,250,22b,1,12614.0,22192.1328125,22547.359375
399,2018-10-13 12:52:00,10269,electron,250,22b,1,10269.0,22184.939453125,22548.001953125
404,2018-10-13 14:47:00,13199,electron,250,22b,1,13279.0,22130.29296875,22528.0546875
405,2018-10-13 15:07:00,10300,electron,300,22b,1,10298.0,26137.638671875,26707.91796875
406,2018-10-13 15:25:00,4619,electron,300,22b,1,4618.0,26134.146484375,26680.109375
407,2018-10-13 15:39:00,5049,electron,300,22b,1,5049.0,26152.716796875,26778.740234375
408,2018-10-13 15:48:00,1742,electron,300,22b,1,1742.0,26178.48046875,26788.107421875
411,2018-10-13 15:59:00,10366,electron,300,22b,1,10366.0,26194.70703125,26757.77734375
412,2018-10-13 16:16:00,9680,electron,300,22b,1,9680.0,26150.876953125,26723.865234375
414,2018-10-13 16:55:00,13285,electron,300,22b,1,13285.0,26237.357421875,26824.4140625
415,2018-10-13 17:18:00,11321,electron,300,22b,1,11321.0,26237.326171875,26799.54296875
416,2018-10-13 17:37:00,14581,electron,300,22b,1,14581.0,26243.564453125,26822.93359375
418,2018-10-13 18:04:00,10126,electron,300,22b,1,10126.0,26176.763671875,26772.15234375
419,2018-10-13 18:22:00,11189,electron,300,22b,1,11189.0,26239.10546875,26805.453125
420,2018-10-13 18:40:00,10242,electron,300,22b,1,10242.0,26212.443359375,26811.3046875
421,2018-10-13 18:57:00,7314,electron,300,22b,1,1341.0,26251.1796875,26765.4921875
422,2018-10-13 19:14:00,10478,electron,300,22b,1,10478.0,26252.21875,26845.48828125
423,2018-10-13 19:31:00,6820,electron,300,22b,1,6820.0,26268.03125,26831.83203125
424,2018-10-13 20:05:00,11528,electron,300,22b,1,11528.0,26473.96484375,27014.580078125
425,2018-10-13 20:29:00,11593,electron,300,22b,1,11593.0,26407.794921875,26970.576171875
426,2018-10-13 20:47:00,2757,electron,300,22b,1,2757.0,26482.2265625,27004.66796875
429,2018-10-13 21:27:00,2171,electron,300,22b,1,2171.0,26516.08203125,27019.99609375
430,2018-10-13 21:38:00,10505,electron,300,22b,1,10505.0,26443.10546875,26984.951171875
431,2018-10-13 21:58:00,4373,electron,300,22b,1,4373.0,26373.759765625,26969.1484375
432,2018-10-13 22:28:00,2927,electron,300,22b,1,2927.0,26385.8046875,26981.724609375
433,2018-10-13 22:47:00,10143,electron,300,22b,1,10143.0,26445.978515625,26983.830078125
435,2018-10-13 23:50:00,12019,electron,300,22b,1,12019.0,26448.576171875,26979.177734375
436,2018-10-14 00:49:00,0,electron,20,22b,1,2837.0,1768.973388671875,1883.403076171875
437,2018-10-14 01:04:00,10274,electron,20,22b,1,10274.0,1775.2835693359375,1893.25390625
439,2018-10-14 01:38:00,10204,electron,20,22b,1,10204.0,1788.332763671875,1897.937744140625
441,2018-10-14 02:11:00,12000,electron,20,22b,1,11861.0,1782.6632080078125,1897.777587890625
442,2018-10-14 02:38:00,11081,electron,20,22b,1,11081.0,1783.7830810546875,1899.476806640625
443,2018-10-14 02:49:00,0,electron,20,22b,1,2228.0,1787.857421875,1903.072265625
444,2018-10-14 02:54:00,10464,electron,20,22b,1,10464.0,1789.7587890625,1903.987548828125
447,2018-10-14 03:13:00,0,electron,20,22b,1,6287.0,1788.8519287109375,1908.909912109375
450,2018-10-14 03:30:00,10238,electron,20,22b,1,10238.0,1795.366455078125,1904.111328125
451,2018-10-14 03:41:00,10687,electron,20,22b,1,10687.0,1786.2625732421875,1903.828369140625
452,2018-10-14 03:53:00,11181,electron,20,22b,1,11181.0,1784.4696044921875,1899.98046875
453,2018-10-14 04:05:00,11414,electron,20,22b,1,11414.0,1779.1287841796875,1894.261474609375
455,2018-10-14 04:22:00,10962,electron,20,22b,1,10962.0,1784.425048828125,1901.0325927734375
456,2018-10-14 04:40:00,11266,electron,50,22b,1,11289.0,4606.97900390625,4739.86767578125
457,2018-10-14 04:53:00,10050,electron,50,22b,1,10050.0,4607.6884765625,4736.962890625
458,2018-10-14 05:03:00,10119,electron,50,22b,1,10119.0,4608.84375,4741.52001953125
459,2018-10-14 05:14:00,10575,electron,50,22b,1,10575.0,4611.21923828125,4735.427734375
460,2018-10-14 05:28:00,10773,electron,50,22b,1,10773.0,4617.50537109375,4743.89501953125
461,2018-10-14 05:41:00,10546,electron,50,22b,1,10546.0,4618.64599609375,4740.115234375
462,2018-10-14 05:53:00,10195,electron,50,22b,1,10195.0,4617.76611328125,4743.3740234375
463,2018-10-14 06:04:00,10541,electron,50,22b,1,10541.0,4609.55810546875,4734.1953125
464,2018-10-14 06:16:00,10820,electron,50,22b,1,10820.0,4609.44384765625,4737.16796875
465,2018-10-14 06:28:00,10111,electron,50,22b,1,10111.0,4621.2265625,4746.13525390625
466,2018-10-14 06:43:00,13899,electron,80,22b,1,13899.0,7411.71533203125,7583.7919921875
467,2018-10-14 06:57:00,13423,electron,80,22b,1,13423.0,7404.00439453125,7578.59326171875
468,2018-10-14 07:16:00,10398,electron,80,22b,1,10398.0,7419.140625,7585.8662109375
469,2018-10-14 07:26:00,11719,electron,80,22b,1,11719.0,7402.93603515625,7576.7294921875
470,2018-10-14 07:38:00,10048,electron,80,22b,1,10048.0,7419.9521484375,7584.296875
471,2018-10-14 07:50:00,10350,electron,80,22b,1,10350.0,7421.44921875,7584.443359375
472,2018-10-14 08:10:00,10012,electron,80,22b,1,10012.0,7409.99755859375,7589.2724609375
473,2018-10-14 08:37:00,10145,electron,80,22b,1,10145.0,7415.1162109375,7589.015625
474,2018-10-14 09:04:00,10659,electron,80,22b,1,10659.0,7422.55810546875,7587.11181640625
475,2018-10-14 09:33:00,11000,electron,80,22b,1,12647.0,7402.99462890625,7574.8828125
477,2018-10-14 10:00:00,10162,electron,100,22b,1,10162.0,9235.064453125,9461.83984375
479,2018-10-14 10:12:00,10240,electron,100,22b,1,10240.0,9224.130859375,9448.9091796875
480,2018-10-14 10:24:00,10089,electron,100,22b,1,10089.0,9229.4365234375,9459.23046875
481,2018-10-14 10:35:00,12073,electron,100,22b,1,12073.0,9215.83984375,9451.1220703125
483,2018-10-14 10:57:00,10348,electron,100,22b,1,10348.0,9234.1201171875,9331.99609375
484,2018-10-14 11:08:00,10734,electron,100,22b,1,10734.0,9217.87109375,9451.6796875
486,2018-10-14 11:20:00,10047,electron,100,22b,1,10047.0,9222.3232421875,9451.533203125
487,2018-10-14 11:32:00,10203,electron,100,22b,1,10203.0,9234.181640625,9452.0517578125
489,2018-10-14 11:47:00,10165,electron,100,22b,1,10165.0,9216.533203125,9446.5703125
490,2018-10-14 11:58:00,10413,electron,100,22b,1,10413.0,9214.1279296875,9442.9072265625
491,2018-10-14 12:09:00,10176,electron,100,22b,1,10176.0,9217.4794921875,9442.94921875
493,2018-10-14 12:25:00,10672,electron,150,22b,1,10672.0,13586.453125,14069.5517578125
494,2018-10-14 12:40:00,12220,electron,150,22b,1,12220.0,13557.7685546875,14075.994140625
495,2018-10-14 12:53:00,10544,electron,150,22b,1,10544.0,13596.1142578125,14071.771484375
496,2018-10-14 13:03:00,21977,electron,150,22b,1,21977.0,13574.197265625,14074.3310546875
501,2018-10-14 14:08:00,10499,electron,150,22b,1,10499.0,13587.90625,14069.9814453125
502,2018-10-14 14:17:00,10728,electron,150,22b,1,10728.0,13564.5595703125,14066.66015625
503,2018-10-14 14:28:00,10018,electron,150,22b,1,10018.0,13560.6259765625,14065.408203125
504,2018-10-14 14:39:00,10933,electron,150,22b,1,10933.0,13550.669921875,14054.33984375
505,2018-10-14 14:50:00,12459,electron,150,22b,1,12458.0,13530.6015625,14054.642578125
506,2018-10-14 15:03:00,8800,electron,150,22b,1,9073.0,13594.5595703125,14072.404296875
507,2018-10-14 15:16:00,10589,electron,150,22b,1,10589.0,13586.4111328125,14066.1123046875
508,2018-10-14 15:28:00,10183,electron,150,22b,1,10183.0,13536.4150390625,14052.3984375
509,2018-10-14 15:39:00,10279,electron,150,22b,1,10286.0,13537.46875,14055.94921875
512,2018-10-14 16:38:00,20000,pion,300,22b,1,20029.0,8404.1611328125,7224.7578125
513,2018-10-14 17:01:00,13480,pion,300,22b,1,13481.0,8352.8134765625,7120.0859375
515,2018-10-14 17:16:00,13866,pion,300,22b,1,13866.0,8541.1904296875,7456.64599609375
516,2018-10-14 17:34:00,11021,pion,300,22b,1,11020.0,8344.3662109375,7132.95166015625
517,2018-10-14 17:46:00,10887,pion,300,22b,1,10887.0,8476.71875,7321.05078125
518,2018-10-14 18:11:00,11999,pion,300,22b,1,11999.0,8406.5029296875,7255.45068359375
519,2018-10-14 18:57:00,6141,pion,300,22b,1,6141.0,8396.40625,7254.82861328125
520,2018-10-14 19:06:00,12220,pion,300,22b,1,12220.0,8488.529296875,7224.4453125
521,2018-10-14 19:19:00,10594,pion,300,22b,1,10594.0,8417.173828125,7073.9677734375
522,2018-10-14 19:44:00,5513,pion,300,22b,1,5513.0,8468.4736328125,7326.95751953125
523,2018-10-14 19:53:00,13000,pion,300,22b,1,12946.0,8477.62109375,7304.2080078125
524,2018-10-14 20:10:00,4238,muon,-1,22b,1,4238.0,256.61053466796875,180.311767578125
525,2018-10-14 20:43:00,10392,pion,80,22b,1,10392.0,2354.11572265625,2045.3009033203125
527,2018-10-14 20:58:00,10644,pion,80,22b,1,10642.0,2379.196044921875,2085.755126953125
529,2018-10-14 21:13:00,10739,pion,80,22b,1,10739.0,2348.17041015625,2038.27197265625
530,2018-10-14 21:38:00,10458,pion,80,22b,1,10458.0,2374.62158203125,2075.24365234375
531,2018-10-14 21:49:00,11371,pion,80,22b,1,11371.0,2382.089111328125,2110.05908203125
532,2018-10-14 22:09:00,10138,pion,80,22b,1,10138.0,2361.68310546875,2073.2490234375
533,2018-10-14 22:26:00,12417,pion,80,22b,1,12417.0,2348.72119140625,2066.312255859375
534,2018-10-14 23:03:00,12044,pion,80,22b,1,12044.0,2335.001220703125,2002.474609375
535,2018-10-14 23:39:00,11387,pion,80,22b,1,11386.0,2357.00390625,2024.53857421875
536,2018-10-15 00:10:00,11903,pion,80,22b,1,11903.0,2375.194580078125,2071.422607421875
537,2018-10-15 00:23:00,10667,pion,80,22b,1,10667.0,2362.991943359375,2061.494384765625
538,2018-10-15 00:37:00,11305,pion,80,22b,1,11305.0,2361.669677734375,2053.177001953125
539,2018-10-15 00:55:00,10267,pion,80,22b,1,10267.0,2361.239990234375,2058.28125
541,2018-10-15 01:19:00,10474,pion,250,22b,1,10474.0,7113.39990234375,6104.0234375
543,2018-10-15 01:52:00,10434,pion,250,22b,1,10434.0,7060.708984375,6020.0966796875
544,2018-10-15 02:15:00,10451,pion,250,22b,1,10451.0,7091.8486328125,6125.5244140625
545,2018-10-15 02:29:00,10592,pion,250,22b,1,10592.0,7063.40185546875,6091.72216796875
546,2018-10-15 02:43:00,10788,pion,250,22b,1,10788.0,7115.9716796875,6204.8564453125
547,2018-10-15 02:56:00,10722,pion,250,22b,1,10772.0,7062.30810546875,6016.3017578125
548,2018-10-15 03:11:00,11252,pion,250,22b,1,11252.0,6977.9794921875,5885.9228515625
549,2018-10-15 03:26:00,10880,pion,250,22b,1,10880.0,7142.0234375,6146.42236328125
550,2018-10-15 03:40:00,10171,pion,250,22b,1,10171.0,7048.82568359375,6051.8828125
551,2018-10-15 04:12:00,10200,pion,250,22b,1,10200.0,7000.78125,5976.041015625
552,2018-10-15 04:54:00,10231,pion,100,22b,1,10231.0,2908.088134765625,2507.63232421875
553,2018-10-15 05:25:00,10418,pion,100,22b,1,10418.0,2970.505859375,2621.522216796875
554,2018-10-15 05:56:00,10532,pion,100,22b,1,10532.0,2941.12744140625,2554.1416015625
555,2018-10-15 06:26:00,10239,pion,100,22b,1,10239.0,2911.307373046875,2503.1884765625
557,2018-10-15 06:55:00,10234,pion,100,22b,1,10234.0,2928.955322265625,2568.7509765625
558,2018-10-15 07:07:00,10059,pion,100,22b,1,10059.0,2934.005859375,2519.39599609375
559,2018-10-15 07:19:00,10202,pion,100,22b,1,10202.0,2930.53271484375,2544.818359375
560,2018-10-15 07:31:00,10256,pion,100,22b,1,10256.0,2949.09326171875,2603.016845703125
561,2018-10-15 07:52:00,10204,pion,100,22b,1,10204.0,2919.25341796875,2540.552978515625
562,2018-10-15 08:10:00,10225,pion,100,22b,1,10225.0,2936.116455078125,2551.448974609375
563,2018-10-15 08:29:00,10113,pion,200,22b,1,10113.0,5648.40087890625,4834.68212890625
565,2018-10-15 09:04:00,11000,pion,200,22b,1,11007.0,5646.068359375,4765.5146484375
566,2018-10-15 09:23:00,8908,pion,200,22b,1,8908.0,5685.72705078125,4912.1318359375
570,2018-10-15 11:40:00,4440,pion,200,22b,1,4438.0,5636.36328125,4685.2138671875
572,2018-10-15 11:49:00,15354,pion,200,22b,1,15354.0,5713.7822265625,4966.0234375
574,2018-10-15 12:12:00,6596,pion,200,22b,1,6596.0,5577.84912109375,4582.0
577,2018-10-15 12:33:00,10170,pion,200,22b,1,10170.0,5609.54931640625,4726.4267578125
578,2018-10-15 12:46:00,10721,pion,200,22b,1,10720.0,5608.9716796875,4750.5859375
579,2018-10-15 13:02:00,10053,pion,200,22b,1,10053.0,5570.01318359375,4752.181640625
581,2018-10-15 13:21:00,10146,pion,200,22b,1,10146.0,5611.93701171875,4763.0712890625
582,2018-10-15 13:37:00,10331,pion,200,22b,1,10331.0,5661.064453125,4824.3740234375
584,2018-10-15 13:59:00,11600,pion,120,22b,1,11615.0,3487.2353515625,3073.00927734375
586,2018-10-15 14:30:00,10973,pion,120,22b,1,10973.0,3494.6943359375,3068.46630859375
587,2018-10-15 14:43:00,10818,pion,120,22b,1,10818.0,3487.8076171875,2961.32275390625
588,2018-10-15 14:59:00,10261,pion,120,22b,1,10261.0,3423.8837890625,2892.56982421875
589,2018-10-15 15:20:00,10879,pion,120,22b,1,10879.0,3463.13671875,3003.090087890625
590,2018-10-15 15:38:00,10679,pion,120,22b,1,10679.0,3375.53466796875,2920.56884765625
591,2018-10-15 15:56:00,11182,pion,120,22b,1,11181.0,3403.705810546875,2952.352783203125
592,2018-10-15 16:20:00,10135,pion,120,22b,1,10135.0,3377.81787109375,2918.121826171875
593,2018-10-15 16:38:00,10195,pion,120,22b,1,10195.0,3386.3759765625,2921.13427734375
594,2018-10-15 17:15:00,10049,electron,30,22b,1,10049.0,2642.78125,2764.787109375
595,2018-10-15 17:30:00,10291,electron,30,22b,1,10291.0,2645.435791015625,2765.237060546875
596,2018-10-15 17:48:00,10035,electron,30,22b,1,10035.0,2642.89990234375,2770.235595703125
597,2018-10-15 18:05:00,10208,electron,30,22b,1,10208.0,2643.053955078125,2764.5869140625
599,2018-10-15 18:30:00,12345,electron,30,22b,1,12345.0,2642.47216796875,2764.477294921875
601,2018-10-15 18:55:00,3500,electron,30,22b,1,3835.0,2644.191650390625,2767.871337890625
603,2018-10-15 19:11:00,10010,electron,30,22b,1,10010.0,2646.892333984375,2769.96630859375
604,2018-10-15 19:28:00,10167,electron,30,22b,1,10167.0,2650.650146484375,2769.174560546875
606,2018-10-15 19:45:00,10182,electron,30,22b,1,10182.0,2647.57568359375,2769.6982421875
607,2018-10-15 20:03:00,9732,electron,30,22b,1,9732.0,2656.45556640625,2774.6220703125
608,2018-10-15 20:25:00,9994,electron,50,22b,1,9993.0,4529.5556640625,4597.49951171875
609,2018-10-15 20:44:00,12278,electron,50,22b,1,12278.0,4542.625,4676.71337890625
610,2018-10-15 21:05:00,10888,electron,50,22b,1,10888.0,4534.51416015625,4669.3046875
611,2018-10-15 21:21:00,10340,electron,50,22b,1,10340.0,4535.4013671875,4677.89892578125
613,2018-10-15 21:38:00,10596,electron,50,22b,1,10596.0,4534.4443359375,4681.42236328125
614,2018-10-15 21:54:00,9907,electron,50,22b,1,9907.0,4521.90966796875,4670.49609375
616,2018-10-15 22:13:00,11739,electron,50,22b,1,11739.0,4533.1337890625,4673.31884765625
617,2018-10-15 22:33:00,10186,electron,50,22b,1,10186.0,4533.529296875,4671.7880859375
618,2018-10-15 22:47:00,10516,electron,50,22b,1,10516.0,4527.14013671875,4673.2822265625
619,2018-10-15 23:03:00,11141,electron,50,22b,1,11141.0,4532.90673828125,4668.03369140625
620,2018-10-15 23:20:00,10388,electron,120,22b,1,10388.0,10882.814453125,11234.205078125
621,2018-10-15 23:40:00,11361,electron,120,22b,1,11361.0,10874.40234375,11225.4365234375
622,2018-10-16 00:00:00,11417,electron,120,22b,1,11417.0,10858.0302734375,11221.7421875
635,2018-10-16 02:12:00,10434,electron,120,22b,1,10434.0,10878.6240234375,11236.029296875
636,2018-10-16 02:35:00,3000,electron,120,22b,1,1690.0,10871.8154296875,11236.8173828125
637,2018-10-16 02:48:00,0,electron,120,22b,1,1703.0,10837.9072265625,11213.10546875
639,2018-10-16 02:56:00,10034,electron,120,22b,1,10034.0,10835.67578125,11222.90234375
640,2018-10-16 03:13:00,10423,electron,120,22b,1,5418.0,10862.833984375,11213.12109375
641,2018-10-16 03:34:00,10593,electron,120,22b,1,10593.0,10824.6259765625,11212.6923828125
642,2018-10-16 03:53:00,10146,electron,120,22b,1,10146.0,10879.58203125,11222.53125
643,2018-10-16 04:08:00,10150,electron,120,22b,1,10150.0,10871.9765625,11223.6806640625
644,2018-10-16 04:25:00,10159,electron,120,22b,1,10159.0,10854.529296875,11221.587890625
645,2018-10-16 05:06:00,10091,electron,250,22b,1,5138.0,22370.0703125,22826.53515625
646,2018-10-16 05:22:00,10181,electron,250,22b,1,10181.0,22375.53125,22849.9140625
647,2018-10-16 05:40:00,10297,electron,250,22b,1,10297.0,22413.51171875,22847.857421875
648,2018-10-16 06:00:00,10105,electron,250,22b,1,10105.0,22406.98828125,22852.298828125
649,2018-10-16 06:18:00,10130,electron,250,22b,1,10130.0,22419.724609375,22845.0625
650,2018-10-16 06:34:00,10225,electron,250,22b,1,10225.0,22404.875,22848.81640625
652,2018-10-16 07:14:00,10329,electron,250,22b,1,10329.0,22423.92578125,22849.87109375
653,2018-10-16 07:33:00,10333,electron,250,22b,1,10333.0,22383.376953125,22847.234375
654,2018-10-16 07:53:00,10069,electron,250,22b,1,10069.0,22415.224609375,22851.642578125
655,2018-10-16 08:16:00,10155,electron,80,22b,1,10155.0,7306.3466796875,7498.95849609375
656,2018-10-16 08:45:00,10029,electron,80,22b,1,10029.0,7321.466796875,7509.095703125
657,2018-10-16 09:16:00,12092,electron,80,22b,1,12092.0,7321.046875,7505.71337890625
659,2018-10-16 10:06:00,10870,electron,80,22b,1,10870.0,7339.216796875,7521.8603515625
661,2018-10-16 10:45:00,10131,electron,80,22b,1,10131.0,7326.40185546875,7515.3369140625
663,2018-10-16 11:35:00,10099,electron,80,22b,1,10099.0,7330.546875,7523.83251953125
664,2018-10-16 12:05:00,11000,electron,200,22b,1,11037.0,18227.42578125,18531.90234375
665,2018-10-16 12:43:00,10239,electron,200,22b,1,10239.0,18247.111328125,18539.603515625
666,2018-10-16 13:13:00,10534,electron,200,22b,1,10534.0,18236.7421875,18537.923828125
667,2018-10-16 13:43:00,9930,electron,200,22b,1,9930.0,18234.873046875,18530.888671875
671,2018-10-16 16:43:00,8982,electron,200,22b,1,8982.0,18265.818359375,18570.2890625
672,2018-10-16 17:00:00,10167,electron,200,22b,1,10167.0,18234.978515625,18558.337890625
673,2018-10-16 17:15:00,6136,electron,200,22b,1,6136.0,18257.341796875,18553.765625
674,2018-10-16 17:31:00,10111,electron,200,22b,1,10111.0,18249.541015625,18562.505859375
675,2018-10-16 17:58:00,10421,electron,200,22b,1,10421.0,18242.79296875,18552.98828125
676,2018-10-16 18:00:00,10094,electron,200,22b,1,10094.0,18237.50390625,18550.48828125
679,2018-10-16 18:30:00,10627,pion,20,22b,1,10627.0,594.8161010742188,510.5433654785156
680,2018-10-16 18:53:00,4691,pion,20,22b,1,4691.0,592.3067016601562,514.6465454101562
681,2018-10-16 19:06:00,10992,pion,20,22b,1,10992.0,596.5991821289062,506.1896057128906
682,2018-10-16 19:27:00,13916,pion,20,22b,1,13916.0,597.66748046875,513.035888671875
683,2018-10-16 19:54:00,10974,pion,20,22b,1,10974.0,592.8844604492188,505.28106689453125
685,2018-10-16 20:18:00,10112,pion,20,22b,1,10112.0,593.1282348632812,505.0743408203125
687,2018-10-16 20:35:00,10071,pion,20,22b,1,10071.0,602.605712890625,516.8905029296875
688,2018-10-16 20:55:00,10019,pion,20,22b,1,10019.0,602.8233642578125,519.8834838867188
689,2018-10-16 21:15:00,10022,pion,20,22b,1,10022.0,599.9271850585938,517.52294921875
690,2018-10-16 21:37:00,9970,pion,50,22b,1,9970.0,1468.7882080078125,1286.3917236328125
691,2018-10-16 21:54:00,10565,pion,50,22b,1,10565.0,1487.64404296875,1340.7384033203125
692,2018-10-16 22:15:00,10135,pion,50,22b,1,10135.0,1446.5159912109375,1275.4420166015625
693,2018-10-16 22:37:00,10196,pion,50,22b,1,10196.0,1475.860595703125,1297.642822265625
694,2018-10-16 22:57:00,10113,pion,50,22b,1,10113.0,1469.707763671875,1297.605712890625
696,2018-10-16 23:18:00,10135,pion,50,22b,1,10135.0,1456.802001953125,1275.6767578125
697,2018-10-16 23:39:00,10097,pion,50,22b,1,10097.0,1469.9013671875,1299.3697509765625
698,2018-10-17 00:03:00,10147,muon,200,22b,1,10147.0,190.11557006835938,124.80200958251953
699,2018-10-17 00:30:00,10674,muon,200,22b,1,10674.0,201.59556579589844,124.89642333984375
700,2018-10-17 00:50:00,12948,muon,200,22b,1,12948.0,207.3681640625,124.6474838256836
701,2018-10-17 01:15:00,10268,muon,200,22b,1,10268.0,193.0699005126953,124.24073791503906
702,2018-10-17 01:38:00,6000,muon,200,22b,1,6501.0,193.55471801757812,125.00114440917969
704,2018-10-17 02:02:00,11471,muon,200,22b,1,11471.0,202.4559783935547,125.5799789428711
705,2018-10-17 02:23:00,10250,muon,200,22b,1,10250.0,196.71173095703125,126.54542541503906
708,2018-10-17 02:49:00,10132,muon,200,22b,1,10132.0,195.18630981445312,126.9494857788086
709,2018-10-17 03:10:00,10116,muon,200,22b,1,10116.0,204.37594604492188,125.8790283203125
710,2018-10-17 03:29:00,10013,muon,200,22b,1,10013.0,203.74217224121094,126.44451904296875
712,2018-10-17 03:57:00,10058,muon,200,22b,1,10058.0,205.90257263183594,123.72125244140625
713,2018-10-17 04:19:00,10054,muon,200,22b,1,10054.0,200.50035095214844,124.43196868896484
714,2018-10-17 04:40:00,10026,muon,200,22b,1,10026.0,194.9375762939453,124.13150024414062
715,2018-10-17 05:07:00,10079,muon,200,22b,1,10079.0,197.5986785888672,126.49861907958984
717,2018-10-17 05:23:00,10114,muon,200,22b,1,10113.0,195.03680419921875,126.52471923828125
718,2018-10-17 05:37:00,41830,muon,200,22b,1,41830.0,203.40365600585938,126.5354995727539
719,2018-10-17 06:49:00,10028,muon,200,22b,1,10028.0,211.2003173828125,126.35111999511719
721,2018-10-17 07:19:00,10132,muon,200,22b,1,10127.0,207.41314697265625,126.60201263427734
722,2018-10-17 07:32:00,10049,muon,200,22b,1,10049.0,205.4003143310547,126.7283706665039
807,2018-10-18 15:53:00,5153,pion,300,23b,2,5153.0,5240.208984375,4503.8046875
808,2018-10-18 16:22:00,2488,pion,300,23b,2,2488.0,5537.83740234375,4780.0
809,2018-10-18 16:32:00,4295,pion,300,23b,2,4295.0,5633.2939453125,4938.51904296875
811,2018-10-18 16:46:00,10571,pion,300,23b,2,10571.0,5659.3076171875,4943.89013671875
812,2018-10-18 17:22:00,11721,pion,300,23b,2,11721.0,5603.982421875,4787.30029296875
814,2018-10-18 18:11:00,10446,pion,300,23b,2,10446.0,5638.4873046875,4824.71826171875
815,2018-10-18 18:29:00,11766,pion,300,23b,2,11766.0,5554.6318359375,4751.45947265625
816,2018-10-18 18:51:00,10211,pion,300,23b,2,10211.0,5664.02197265625,4882.1181640625
817,2018-10-18 19:09:00,11019,pion,300,23b,2,11019.0,5553.943359375,4736.11279296875
818,2018-10-18 19:33:00,3053,pion,20,23b,2,3053.0,611.8609008789062,530.2716064453125
819,2018-10-18 19:41:00,10000,pion,20,23b,2,10085.0,620.5328369140625,543.7076416015625
820,2018-10-18 20:00:00,10150,pion,20,23b,2,10150.0,627.5601806640625,547.244873046875
821,2018-10-18 20:22:00,10106,pion,20,23b,2,10106.0,616.7900390625,530.6644287109375
824,2018-10-18 20:47:00,10114,pion,20,23b,2,10114.0,619.6465454101562,539.5628662109375
825,2018-10-18 21:09:00,10102,pion,20,23b,2,10102.0,613.770751953125,535.4197998046875
826,2018-10-18 21:30:00,11207,pion,20,23b,2,11207.0,622.326904296875,546.6502075195312
828,2018-10-18 22:03:00,10039,pion,200,23b,2,10039.0,5497.32666015625,4885.0830078125
829,2018-10-18 22:46:00,10011,pion,200,23b,2,10011.0,5522.2255859375,4861.02197265625
830,2018-10-18 22:30:00,10303,pion,200,23b,2,10303.0,5458.41015625,4798.17578125
831,2018-10-19 00:17:00,8627,pion,200,23b,2,8627.0,5474.01904296875,4802.7470703125
832,2018-10-19 01:06:00,10126,pion,200,23b,2,10126.0,5520.2392578125,4867.427734375
833,2018-10-19 01:55:00,10818,pion,30,23b,2,10818.0,881.1347045898438,761.61279296875
834,2018-10-19 02:19:00,11908,pion,30,23b,2,6136.0,892.1112060546875,776.229248046875
835,2018-10-19 02:44:00,10575,pion,30,23b,2,10575.0,890.9010620117188,775.8564453125
836,2018-10-19 03:03:00,10169,pion,30,23b,2,10169.0,892.5687866210938,770.05712890625
837,2018-10-19 03:22:00,10099,pion,30,23b,2,10099.0,888.4192504882812,771.8776245117188
838,2018-10-19 03:41:00,10040,pion,30,23b,2,10040.0,889.9246215820312,783.8828125
840,2018-10-19 03:58:00,10063,pion,30,23b,2,10063.0,891.3654174804688,780.173828125
841,2018-10-19 04:23:00,10180,pion,150,23b,2,10180.0,4090.723876953125,3527.607421875
842,2018-10-19 04:24:00,10208,pion,150,23b,2,10208.0,4127.88720703125,3593.77685546875
843,2018-10-19 05:02:00,10676,pion,150,23b,2,10676.0,4113.693359375,3516.1025390625
844,2018-10-19 05:22:00,10344,pion,150,23b,2,10344.0,4130.470703125,3566.40673828125
845,2018-10-19 05:43:00,10164,pion,150,23b,2,10164.0,4141.265625,3587.8232421875
847,2018-10-19 06:19:00,10101,pion,50,23b,2,10101.0,1441.9267578125,1260.0592041015625
848,2018-10-19 06:50:00,10066,pion,50,23b,2,10066.0,1434.1390380859375,1253.171630859375
849,2018-10-19 07:21:00,10070,pion,50,23b,2,10070.0,1446.70849609375,1260.4473876953125
907,2018-10-19 14:40:00,1700,pion,300,23c,2,1723.0,5906.62646484375,5436.3134765625
912,2018-10-19 15:33:00,9800,pion,300,23c,2,9879.0,5943.70263671875,5470.83251953125
916,2018-10-19 16:37:00,7272,electron,100,23c,2,7272.0,9592.69921875,9634.5556640625
918,2018-10-19 16:54:00,10057,electron,300,23c,2,10057.0,26864.01171875,27031.904296875
919,2018-10-19 17:34:00,10197,electron,300,23c,2,10197.0,26833.185546875,26999.513671875
920,2018-10-19 18:13:00,11640,electron,300,23c,2,11640.0,26814.125,26990.27734375
921,2018-10-19 19:00:00,2648,electron,50,23c,2,2648.0,4814.20458984375,4842.130859375
922,2018-10-19 19:12:00,10138,electron,50,23c,2,10147.0,4801.3017578125,4827.06494140625
923,2018-10-19 19:50:00,10249,electron,50,23c,2,10249.0,4792.18408203125,4821.07373046875
924,2018-10-19 20:23:00,10435,electron,50,23c,2,10435.0,4786.08056640625,4811.23193359375
925,2018-10-19 21:03:00,4865,electron,150,23c,2,4865.0,14250.81640625,14343.0498046875
926,2018-10-19 21:13:00,10661,electron,150,23c,2,10661.0,14268.0751953125,14346.705078125
927,2018-10-19 21:32:00,11596,electron,150,23c,2,11596.0,14271.1845703125,14345.3515625
930,2018-10-19 22:17:00,10422,electron,150,23c,2,10422.0,14274.3212890625,14349.490234375
932,2018-10-19 22:35:00,10460,electron,150,23c,2,10460.0,14287.478515625,14345.3193359375
933,2018-10-19 22:54:00,7458,electron,150,23c,2,7458.0,14249.826171875,14335.21484375
934,2018-10-19 23:16:00,10003,pion,300,23c,2,10003.0,5902.17822265625,5351.7958984375
935,2018-10-19 23:39:00,10301,pion,300,23c,2,10301.0,5950.01416015625,5391.4580078125
936,2018-10-20 00:05:00,10081,pion,300,23c,2,10081.0,5900.69873046875,5425.017578125
939,2018-10-20 01:04:00,10069,pion,300,23c,2,10069.0,5920.6640625,5424.11572265625
940,2018-10-20 04:04:00,10249,pion,300,23c,2,10249.0,5910.9384765625,5398.4482421875
941,2018-10-20 04:31:00,10148,pion,50,23c,2,10148.0,1576.765869140625,1452.7718505859375
942,2018-10-20 05:00:00,10167,pion,50,23c,2,10167.0,1589.38037109375,1453.64404296875
943,2018-10-20 05:30:00,10100,pion,50,23c,2,10100.0,1564.7001953125,1433.96923828125
944,2018-10-20 05:59:00,10070,pion,50,23c,2,10070.0,1574.517578125,1445.6875
945,2018-10-20 06:27:00,10147,pion,50,23c,2,10147.0,1575.3302001953125,1461.6998291015625
946,2018-10-20 06:59:00,10332,pion,150,23c,2,10332.0,4527.478515625,4127.50146484375
947,2018-10-20 07:30:00,10232,pion,150,23c,2,10232.0,4560.73681640625,4154.125
948,2018-10-20 07:46:00,10248,pion,150,23c,2,10248.0,4520.658203125,4083.57763671875
949,2018-10-20 08:01:00,10100,pion,150,23c,2,10232.0,4490.25,4081.662109375
950,2018-10-20 08:30:00,10129,pion,150,23c,2,10128.0,4566.6474609375,4207.23876953125
952,2018-10-20 09:11:00,10129,pion,20,23c,2,10072.0,657.4388427734375,587.2922973632812
953,2018-10-20 10:07:00,4883,pion,20,23c,2,4883.0,661.8271484375,597.0889892578125
955,2018-10-20 11:55:00,5497,pion,20,23c,2,5496.0,661.4937133789062,597.2913818359375
956,2018-10-20 12:25:00,2400,pion,250,23c,2,2389.0,7222.64892578125,6484.39990234375
957,2018-10-20 12:33:00,10368,pion,250,23c,2,10367.0,7360.515625,6765.60791015625
958,2018-10-20 13:00:00,10111,pion,250,23c,2,10111.0,7350.9921875,6656.84716796875
960,2018-10-20 13:40:00,10107,electron,50,23c,2,10106.0,4730.08251953125,4749.1318359375
961,2018-10-20 14:09:00,10308,electron,50,23c,2,10330.0,4724.86328125,4745.10546875
963,2018-10-20 14:45:00,10138,electron,50,23c,2,10138.0,4725.50927734375,4746.45263671875
964,2018-10-20 15:15:00,1612,electron,300,23c,2,1651.0,26778.15625,26885.978515625
965,2018-10-20 15:22:00,10086,electron,300,23c,2,10086.0,26717.98828125,26863.99609375
967,2018-10-20 16:26:00,10138,electron,300,23c,2,10138.0,26738.37109375,26858.58203125
968,2018-10-20 16:54:00,10134,electron,300,23c,2,10134.0,26748.681640625,26852.44140625
969,2018-10-20 17:25:00,10237,electron,300,23c,2,10237.0,26749.91796875,26838.87109375
970,2018-10-20 17:59:00,7000,electron,80,23c,2,7096.0,7495.15771484375,7609.33056640625
971,2018-10-20 18:16:00,16440,electron,80,23c,2,16440.0,7562.3603515625,7577.94775390625
972,2018-10-20 18:59:00,10168,electron,80,23c,2,10168.0,7552.5419921875,7570.2001953125
973,2018-10-20 19:21:00,12779,electron,80,23c,2,12779.0,7550.90087890625,7569.17822265625
974,2018-10-20 19:49:00,10064,electron,80,23c,2,10064.0,7555.251953125,7572.27587890625
975,2018-10-20 20:12:00,10179,electron,80,23c,2,10179.0,7565.36474609375,7576.60498046875
976,2018-10-20 20:41:00,3978,electron,250,23c,2,3978.0,22834.986328125,22942.97265625
977,2018-10-20 20:41:00,17913,electron,250,23c,2,17913.0,22739.62109375,22791.498046875
978,2018-10-20 21:27:00,10149,electron,250,23c,2,10149.0,22754.1328125,22789.25390625
979,2018-10-20 21:49:00,12596,electron,250,23c,2,12596.0,22751.248046875,22790.93359375
980,2018-10-20 22:18:00,11731,electron,250,23c,2,11731.0,22746.4453125,22796.51953125
981,2018-10-20 22:46:00,10187,electron,250,23c,2,10187.0,22740.681640625,22791.8515625
984,2018-10-20 23:45:00,3016,electron,20,23c,2,3016.0,1843.484619140625,1915.166015625
985,2018-10-21 00:21:00,10728,electron,100,23c,2,10728.0,9403.15625,9446.24609375
987,2018-10-21 00:44:00,10120,electron,100,23c,2,10120.0,9536.6875,9570.828125
988,2018-10-21 01:06:00,10465,electron,100,23c,2,10465.0,9515.8095703125,9560.5791015625
990,2018-10-21 01:33:00,10346,electron,100,23c,2,10346.0,9525.150390625,9565.189453125
991,2018-10-21 02:10:00,12395,electron,100,23c,2,12395.0,9520.0927734375,9557.8427734375
992,2018-10-21 02:57:00,10989,electron,200,23c,2,10989.0,18687.578125,18747.552734375
993,2018-10-21 03:35:00,10673,electron,200,23c,2,10673.0,18687.30078125,18740.625
994,2018-10-21 04:07:00,10982,electron,200,23c,2,10982.0,18687.033203125,18750.66015625
996,2018-10-21 04:44:00,11375,electron,200,23c,2,11375.0,18695.212890625,18748.5390625
997,2018-10-21 05:28:00,12393,electron,200,23c,2,12393.0,18674.0546875,18736.47265625
998,2018-10-21 06:06:00,11739,electron,120,23c,2,11739.0,11392.662109375,11448.1845703125
999,2018-10-21 06:35:00,10786,electron,120,23c,2,10786.0,11369.296875,11432.04296875
1000,2018-10-21 06:55:00,10470,electron,120,23c,2,10471.0,11384.3369140625,11448.296875
1001,2018-10-21 07:14:00,10185,electron,120,23c,2,10218.0,11364.818359375,11434.025390625
1002,2018-10-21 07:36:00,10458,electron,120,23c,2,10458.0,11383.880859375,11440.384765625
1005,2018-10-21 08:33:00,3083,electron,300,23c,2,3083.0,26842.4375,27022.001953125
1006,2018-10-21 13:55:00,1041,electron,300,23c,2,10411.0,26847.529296875,26982.224609375
1007,2018-10-21 14:34:00,10301,electron,30,23c,2,10301.0,2837.629638671875,2867.39013671875
1008,2018-10-21 14:59:00,11019,electron,30,23c,2,11019.0,2838.92431640625,2867.77734375
1010,2018-10-21 15:31:00,10018,electron,30,23c,2,10056.0,2840.310302734375,2868.14404296875
1011,2018-10-21 15:58:00,10000,electron,30,23c,2,10197.0,2841.07177734375,2868.39111328125
1012,2018-10-21 16:30:00,10478,electron,20,23c,2,10568.0,1860.2706298828125,1921.8028564453125
1014,2018-10-21 17:00:00,10222,electron,20,23c,2,10222.0,1853.9583740234375,1914.415283203125
1015,2018-10-21 18:19:00,10200,electron,20,23c,2,10199.0,1858.720458984375,1918.406982421875
1016,2018-10-21 19:20:00,10378,pion,20,23c,2,10378.0,645.029541015625,581.1617431640625
1017,2018-10-21 21:36:00,10249,pion,20,23c,2,10248.0,647.473388671875,581.9666748046875
1018,2018-10-21 22:45:00,20937,pion,30,23c,2,20937.0,961.0492553710938,876.190673828125
1021,2018-10-22 00:12:00,10057,pion,30,23c,2,10057.0,960.9970092773438,869.3275756835938
1023,2018-10-22 00:45:00,10108,pion,30,23c,2,10108.0,962.2783203125,886.8177490234375
1029,2018-10-22 01:56:00,10128,pion,200,23c,2,10128.0,5985.54736328125,5360.2197265625
1031,2018-10-22 02:20:00,10080,pion,200,23c,2,10079.0,5857.93505859375,5318.435546875
1033,2018-10-22 02:45:00,10102,pion,200,23c,2,10102.0,5902.330078125,5300.837890625
1036,2018-10-22 03:09:00,10049,pion,200,23c,2,10049.0,5891.27294921875,5296.1005859375
1037,2018-10-22 03:34:00,10246,pion,120,23c,2,10246.0,3584.351806640625,3216.79296875
1038,2018-10-22 04:00:00,1921,pion,120,23c,2,1921.0,3631.39990234375,3285.798583984375
1040,2018-10-22 04:30:00,10065,pion,120,23c,2,10065.0,3616.175537109375,3244.29931640625
1042,2018-10-22 04:57:00,3000,pion,120,23c,2,3025.0,3597.1728515625,3306.87109375
1043,2018-10-22 05:06:00,10208,pion,120,23c,2,10208.0,3636.185302734375,3286.16064453125
1045,2018-10-22 05:40:00,10103,pion,100,23c,2,10103.0,2996.639892578125,2708.620849609375
1047,2018-10-22 06:16:00,10106,pion,100,23c,2,10106.0,3072.339111328125,2809.13134765625
1049,2018-10-22 06:44:00,10114,pion,100,23c,2,10114.0,2992.548095703125,2746.505126953125
1051,2018-10-22 07:16:00,10062,pion,80,23c,2,10061.0,2478.699951171875,2301.232666015625
1052,2018-10-22 07:48:00,10571,pion,80,23c,2,10571.0,2456.45849609375,2255.25634765625
1053,2018-10-22 08:21:00,10567,pion,80,23c,2,10567.0,2486.937744140625,2282.8837890625
1054,2018-10-22 09:01:00,12131,pion,250,23c,2,12131.0,7278.31640625,6568.4521484375
1055,2018-10-22 09:31:00,10080,pion,250,23c,2,10080.0,7376.96435546875,6731.39208984375
1056,2018-10-22 10:08:00,10224,pion,250,23c,2,10224.0,7325.66455078125,6602.146484375
1080,2018-10-22 18:20:00,12326,pion,100,24a,3,12325.0,1421.4552001953125,1419.90966796875
1081,2018-10-22 19:02:00,12043,pion,100,24a,3,12042.0,1426.1094970703125,1427.7587890625
1082,2018-10-22 19:34:00,5528,pion,100,24a,3,5527.0,1424.6192626953125,1425.055908203125
1084,2018-10-22 19:52:00,10635,pion,300,24a,3,10690.0,2787.74267578125,2808.95654296875
1085,2018-10-22 20:21:00,11699,pion,300,24a,3,11752.0,2783.173828125,2814.40966796875
1086,2018-10-22 21:17:00,12209,pion,300,24a,3,12207.0,2780.05908203125,2805.744140625
1087,2018-10-22 21:52:00,10693,pion,300,24a,3,10693.0,2759.36328125,2800.323486328125
1089,2018-10-22 22:36:00,10520,pion,300,24a,3,10519.0,2754.192138671875,2782.409423828125
1091,2018-10-22 23:17:00,10171,pion,50,24a,3,10171.0,731.484130859375,720.1762084960938
1092,2018-10-22 23:41:00,10078,pion,50,24a,3,10077.0,730.7296142578125,716.583740234375
1093,2018-10-23 00:07:00,10192,pion,50,24a,3,10191.0,730.5314331054688,722.4738159179688
1094,2018-10-23 00:31:00,10230,pion,50,24a,3,10229.0,732.3387451171875,724.06103515625
1098,2018-10-23 00:59:00,10213,pion,50,24a,3,10338.0,734.0559692382812,722.8154296875
1099,2018-10-23 01:32:00,10162,pion,250,24a,3,10162.0,3428.98095703125,3481.8447265625
1100,2018-10-23 02:02:00,10803,pion,250,24a,3,10802.0,3444.048095703125,3497.203125
1101,2018-10-23 02:32:00,10882,pion,250,24a,3,10881.0,3415.880859375,3479.93603515625
1102,2018-10-23 03:06:00,10518,pion,250,24a,3,10518.0,3447.784423828125,3504.208740234375
1104,2018-10-23 03:38:00,10167,pion,250,24a,3,10167.0,3452.5595703125,3505.78515625
1105,2018-10-23 04:17:00,10678,pion,150,24a,3,10677.0,2097.35986328125,2115.86328125
1106,2018-10-23 04:42:00,5000,pion,150,24a,3,4296.0,2074.28759765625,2099.8134765625
1115,2018-10-23 06:30:00,10510,pion,80,24a,3,10510.0,2777.17041015625,2801.0205078125
1116,2018-10-23 06:52:00,10255,pion,80,24a,3,10255.0,2777.75048828125,2812.80712890625
1117,2018-10-23 07:12:00,10055,pion,80,24a,3,10055.0,2759.302978515625,2793.39013671875
1118,2018-10-23 07:29:00,3330,pion,80,24a,3,3330.0,2765.622802734375,2801.4638671875
1119,2018-10-23 07:35:00,10212,pion,80,24a,3,10212.0,2782.599609375,2816.347900390625
1120,2018-10-23 08:03:00,10158,pion,80,24a,3,10158.0,2778.222900390625,2807.8173828125
1121,2018-10-23 08:27:00,10108,pion,80,24a,3,10108.0,2761.450439453125,2796.691650390625
1122,2018-10-23 08:55:00,10135,pion,80,24a,3,10134.0,2761.648193359375,2797.78662109375
1123,2018-10-23 09:25:00,10103,pion,200,24a,3,10103.0,2762.748779296875,2806.427001953125
1124,2018-10-23 09:55:00,10030,pion,200,24a,3,10030.0,2754.9345703125,2807.993408203125
1125,2018-10-23 10:41:00,10470,pion,200,24a,3,10470.0,2754.65283203125,2788.21142578125
1126,2018-10-23 11:28:00,9701,pion,200,24a,3,9701.0,2761.660888671875,2804.9501953125
1127,2018-10-23 11:59:00,10076,pion,120,24a,3,10076.0,1682.0833740234375,1689.1171875
1128,2018-10-23 12:30:00,10027,pion,120,24a,3,10027.0,1681.084228515625,1687.5584716796875
1129,2018-10-23 13:27:00,10107,pion,120,24a,3,10107.0,1679.4873046875,1685.77880859375
1131,2018-10-23 14:33:00,10030,pion,30,24a,3,10030.0,451.8535461425781,441.466552734375
1132,2018-10-23 15:25:00,2060,pion,30,24a,3,2060.0,449.8294982910156,439.7515869140625
1134,2018-10-23 16:28:00,10255,pion,30,24a,3,10255.0,484.36956787109375,471.19476318359375
1135,2018-10-23 17:32:00,10132,pion,30,24a,3,10132.0,484.2367858886719,470.0931396484375
1136,2018-10-23 18:39:00,10121,pion,30,24a,3,10121.0,480.923095703125,468.44525146484375
1139,2018-10-23 19:48:00,10210,electron,50,24a,3,10210.0,1124.0753173828125,1133.158447265625
1141,2018-10-23 20:12:00,10449,electron,50,24a,3,10459.0,1123.8114013671875,1131.382568359375
1144,2018-10-23 20:38:00,10079,electron,50,24a,3,10078.0,1123.7421875,1132.76708984375
1145,2018-10-23 21:09:00,10292,electron,50,24a,3,10292.0,1126.7603759765625,1135.13916015625
1146,2018-10-23 21:10:00,10007,electron,50,24a,3,10010.0,1124.696533203125,1134.0771484375
1147,2018-10-23 22:02:00,10210,electron,150,24a,3,10211.0,4599.6552734375,4648.98681640625
1149,2018-10-23 22:20:00,10918,electron,150,24a,3,10918.0,4606.12109375,4654.0771484375
1151,2018-10-23 22:43:00,10142,electron,150,24a,3,10142.0,4609.21142578125,4654.0419921875
1153,2018-10-23 23:02:00,10061,electron,300,24a,3,10061.0,8245.279296875,8327.6162109375
1154,2018-10-23 23:40:00,10064,electron,300,24a,3,10064.0,8249.009765625,8330.33984375
1155,2018-10-24 00:15:00,10093,electron,300,24a,3,10093.0,8250.3916015625,8333.3095703125
1156,2018-10-24 00:55:00,10058,pion,150,24a,3,10058.0,2028.316162109375,2042.22314453125
1157,2018-10-24 01:22:00,10062,pion,150,24a,3,10662.0,2038.517333984375,2055.5517578125
1159,2018-10-24 02:01:00,10481,pion,150,24a,3,10481.0,2022.6630859375,2042.259765625
1160,2018-10-24 02:33:00,10658,pion,150,24a,3,10657.0,2034.4808349609375,2054.19287109375
1163,2018-10-24 03:07:00,10091,pion,150,24a,3,10091.0,2026.0126953125,2033.6441650390625
1164,2018-10-24 03:36:00,10157,pion,300,24a,3,10155.0,2677.500244140625,2702.011962890625
1165,2018-10-24 04:01:00,10044,pion,300,24a,3,10043.0,2681.338134765625,2707.27001953125
1166,2018-10-24 04:26:00,10068,pion,300,24a,3,10068.0,2663.59765625,2688.246337890625
1167,2018-10-24 05:12:00,11742,pion,50,24a,3,11742.0,750.4226684570312,737.1103515625
